Contenido;etiqueta
"Ricciardo niega que su fichaje por Ferrari no se cerrase por dinero.

Daniel Ricciardo se despidió hace unas semanas de su etapa en Red Bull tras cinco temporadas en el equipo de las bebidas energéticas. Ahora el piloto ha escogido un nuevo camino, el de Renault, con quien no espera estar luchando por la victoria desde el principio, pero sí desea poder ser competitivo en el futuro.Su fichaje por la escudería francesa fue una de las sorpresas del verano, hasta que el 14 de agosto Alonso anunció su marcha de la Fórmula 1. El australiano estuvo cerca de Ferrari si Raikkonen abandonaba la fábrica italiana, pero la situación se complicó y cuando todo parecía hecho para continuar en Red Bull, Renault anunció a su nuevo integrante. Algunas voces apuntaron que el fallido fichaje por Ferrari fue por una cuestión monetaria. Sin embargo, Ricciardo niega que sucediera así. ""¿Quién dice que yo pedía demasiado dinero? Me gustaría saberlo para hacerme una idea"", asegura Daniel en declaraciones para Automoto.

""Creo que ya tenían el acuerdo cerrado con Leclerc""

Aunque desmiente que la operación no cuajase, confirma que sí hubo negociación. ""Sí, hablamos de eso, pero creo que ya tenían el acuerdo cerrado con Leclerc. Aún me queda tiempo en Fórmula 1, así que quizá en el futuro la consecuencia (de las negociaciones) sea diferente"", ha señalado.Una vez explicado lo ocurrido con Ferrari, Ricciardo valoró cómo será su llegada a Renault y la importancia de Alain Prost en el equipo, donde las cosas todavía no están funcionando muy bien. ""Alain siempre ha sido muy amable conmigo. Sé que va a ser un año difícil, pero creo que puedo hacerlo bien... es un desafío. Quizá no ganaré, pero Renault tiene el potencial para hacerlo, así que con suerte no tardaremos mucho"", ha dicho el piloto para concluir.";deporte
"BOTTAS: “2018 HA SIDO LA PEOR TEMPORADA DE MI CARRERA”
El piloto finés afirma que no conseguir una victoria este año ha marcado un punto bajo en su trayectoria.

Valtteri Bottas tenía puestas muchas esperanzas en que 2018 fuera la temporada en la que diera un golpe sobre la mesa al frente de la parrilla de Fórmula 1. Tras conseguir la victoria en la última carrera del año pasado, el finés estaba decidido a plantar cara a Lewis Hamilton después de una primera temporada como piloto de Mercedes en la que sumó tres triunfos.

La campaña comenzó bien para Bottas, a pesar de un accidente en la clasificación en Australia que le lastró en la carrera. El finés se mostró regularmente más rápido que Hamilton y luchó por la victoria en varias ocasiones, pero la mala suerte impidió que se subirá al primer escalón del podio en carreras como Azerbaiyán, donde estaba liderando cuando sufrió un pinchazo.

Bottas fue cada vez a menos, todo lo contrario que Hamilton. El británico se recuperó de una mejorable primera parte de campaña para terminar el año con 11 triunfos de 21 posibles, asegurándose así su quinta corona mundialista. Por su parte, Bottas comenzó a cometer diversos errores que hicieron que acabara la temporada sin sumar ni una victoria.



Con su casillero de triunfos en blanco, Bottas reconoce que 2018 ha sido la peor temporada de toda su carrera. “Mi primer año en Fórmula 1 fue duro, pero no se puede comparar porque Williams en 2013 estaba luchando en la zona baja, pero lo hice lo mejor que pude. Las siguientes temporadas fueron definitivamente mejores que esta”, comentó.

“El año pasado fue bastante diferente: fue mi primera temporada en Mercedes, el primer año con Lewis [Hamilton] al lado y recuerdo que a estas alturas estaba decepcionado por no cumplir mis objetivos. Ahora, mirando atrás, al menos gané algunas carreras y logré arias poles. Ahora estoy todavía más decepcionado, ha sido la peor temporada de mi carrera”, añadió.

El objetivo de Bottas durante el invierno será entender por qué le ha ido tan mal para hacer cambios de cara al próximo año. “Necesito hacer repaso de esta temporada, pero es complicado decir dónde tengo que mejorar porque en cada fin de semana hay cosas que se pueden hacer mejor. Tendré que hablar de ello con el equipo y he de decidir cuáles serán los puntos clave”, explicó.";deporte
"FORCE INDIA CAMBIA OFICIALMENTE DE NOMBRE
Tras varias temporadas persiguiéndolo, ha sido finalmente con el cambio de propietarios, cuando ha llegado el nuevo nombre.

Vijay Mallya vio cierto potencial al incluir el nombre de India en el equipo. Siendo su país, y con decenas de negocios en este país en vías de desarrollo, así como el proyecto de llevar una carrera hasta allí, parecía algo lógico a la hora de atraer patrocinadores.

El dueño del equipo de Fórmula 1 no tardó en darse cuenta de que no iba a venir dinero por estas vías, pasando el nombre de India en el equipo de ser una potencial ventaja, a ser un lastre. Vijay, antes de su salida forzosa del equipo, ya avisó en varias ocasiones su intención de variar el nombre.

Su primer intento no fue aprobado por la Fórmula 1. Escogió Force One, pero la Fórmula 1 vio un potencial conflicto, con su abreviatura, que sería muy similar a la de la propia Fórmula 1. Mallya entonces intentó vender el nombre a un patrocinador, algo que parecía cerrado para el comienzo de la temporada 2018, cuando el equipo se acabó presentado con evidentes huecos en los lugares donde tenía que ir un nombre, pero que finalmente no se produjo.

Para 2019, la familia Stroll definitivamente sí ha eliminado todo vestigio de India en el equipo, llamándose oficialmente Racing Point F1 Team, dependiente de la compañía Racing Point UK Limited. Así pues, el equipo fundado para la temporada 2008, cuando Vijay Mallya se hizo con Spyker F1, anteriormente Midland F1 Racing, y antes Jordan Grand Prix, el equipo de Eddie Jordan, inicia ahora una nueva etapa junto con sus nuevos propietarios, con la difícil tarea de mejorar lo logrado anteriormente.

";deporte
"Fernando Alonso nos desvela su Top 5 de mejores pilotos de la historia de la F1
Incluye a Lewis Hamilton entre ellos.

Lewis Hamilton está muy cerca de convertirse de nuevo en campeón del mundo de Fórmula 1. Y hoy, en rueda de prensa, nuestro campeón Fernando Alonso lo ha incluido en su ranking de los cinco mejores pilotos de todos los tiempos. Todo un caballero Fernando, teniendo en cuenta lo competitiva que es la F1, y los egos que se manejan en ese mundo.

""Es difícil dejarlo en sólo cinco. Quizás Schumacher, Fangio, Senna, Prost y Lewis probablemente serían los cinco mejores campeones de la Fórmula 1. Es difícil comparar distintas épocas y distintas formas de ganar los campeonatos. Hamilton ha demostrado que tenía el talento"", ha dicho el piloto asturiano ante los medios de comunicación antes del GP de Estados Unidos, en el cual Lewis Hamilton podría conseguir su quinto Mundial de Fórmula 1.

Incluso, el español ha destacado que el británico ha ganado también cuando no era precisamente el gran favorito: ""Me alegro que sea Lewis quien iguale a Fangio, porque tiene talento y ha ganado cuando tenía el mejor coche, y también cuando no lo tenía también, como en 2009, y no todos en el paddock tienen esas cualidades. Eso es difícil de ver hoy en día"".

Es de suponer que Sebastian Vettel, tras conocer las palabras de Alonso, no estará excesivamente contento. Aunque teniendo en cuenta la mala relación entre ambos, es lógico que el español no regale los oídos al alemán, que en la actualidad pilota para Ferrari. Vettel también ha ganado el título en cuatro ocasiones, pero está claro que Alonso no le tiene entre sus preferidos.

";deporte
"LA GENERACIÓN FÓRMULA 2 YA SE ADUEÑA DE LA FÓRMULA 1
Los últimos pilotos en llegar al Gran Circo llegan directamente del campeonato telonero, ratificando la efectividad del plan marcado por la FIA.

Hubo un tiempo no muy lejano en el que un joven talento podría llegar a la Fórmula 1 siguiendo muy distintos caminos, lo cual podía llegar incluso a ser emocionante, pues te obligaba a prestar atención a, al menos, las principales series europeas.

Y sin que existiera un problema real, llegó la Federación Internacional del Automovilismo, y decidió que había que arreglar eso. La FIA trazó su plan, muy sencillo para el papel. Para llegar a la Fórmula 1, se creaba un sistema de escalas. Del karting, había que saltar a la Fórmula 4, la cual nacía con carácter nacional. De ahí, se pasaba a la Fórmula 3, cuya idea originaria era que tuviese carácter regional, es decir, que fuera por agrupación de países. El siguiente paso, sería la Fórmula 2, y finalmente, Fórmula 1.



El problema es que los pilotos continuaban siguiendo sus propios caminos, pues porque alguien trace sobre el papel que Fórmula 2 es mejor que Fórmula 3, no lo hace necesariamente cierto, además de que pueden existir alternativas más atractivas a comenzar en Fórmula 4 o similar. Entonces entró en juego la peor parte de la FIA, la que tiene el poder de destruir la utilidad de un campeonato a base de ponerle trabas, o por ejemplo, de hacer que no sume puntos para la superlicencia o sume de forma irrisoria, pese a la frustración de promotores, que se quedaban sin reacción, pues el que dictaba las normas, también montaba sus propios campeonatos, como el político que se adjudica contratos a sus empresas.

Valtteri Bottas, Kevin Magnussen, Max Verstappen, Esteban Ocon, Lance Stroll, Carlos Sainz… pese a los intentos por parte de la FIA, los últimos pilotos en llegar a Fórmula 1 seguían saltándose los caminos previamente marcados, lo que se saldó con más impedimentos, más restricciones, y más facilidades a los campeonatos afines. Incluso la mejor serie de promoción que ha existido, la Fórmula 3, queda mutilada ante la nula necesidad de reconvertirla en GP3 Series, con menos ‘set-up’, menos entrenamientos, menos clasificaciones, menos carreras, peores horarios… pero ahora bajo el paraguas de la Fórmula 1.



Ahora todos celebran el éxito de la Fórmula 2 y la gran cantidad de pilotos que está dando. ¿De dónde iban a salir si no? El próximo año llegarán George Russell, Lando Norris y Alex Albon a la Fórmula 1, primero, segundo y tercero de la Fórmula 2 en 2018. De 2017, llegó el campeón, Charles Leclerc. De 2016, campeón, subcampeón y tercer clasificado, Gasly, Giovinazzi y Sirotkin, que se sumaban al campeón de 2015, Stoffel Vandoorne.

Ya no existe la Fórmula Renault 3.5, y tras, primero Max Verstappen, y luego Lance Stroll, se han puesto trabas para el salto directo desde Fórmula 3, como puede dar buena fe de ello Dan Ticktum, al que se le negó hasta la posibilidad de hacer los test en Hungría.



Es lo que la FIA buscaba, y es lo que se ha logrado. Ahora todos pasarán por Fórmula 2, un campeonato con un notable diferencial de rendimiento entre equipos, sin apenas test, con un calendario poco pensado para el piloto y equipos, pues está supeditado a la Fórmula 1, y cuyo elevado coste ha sido criticado generación para generación. El plan que se trazó años atrás, y que comenzó de forma casi absurda, impidiendo a ciertos campeonatos usar el nombre de Fórmula 3, pese a usar este tipo de vehículos, ya da sus frutos. Por el camino, han muerto Fórmula 3 nacionales, Fórmula Renault 3.5, Formula Renault 2.0, e incluso campeonatos menores, como AutoGP.

¿CÓMO LLEGARON A FÓRMULA 1?

Lewis Hamilton -> Fórmula Renault 2.0, Fórmula 3, GP2 Series
Valtteri Bottas -> Fórmula Renault 2.0, Fórmula 3, GP3 Series
Sebastian Vettel -> Fórmula BMW, Fórmula 3, Fórmula Renault 3.5
Charles Leclerc -> Fórmula Renault 2.0, Fórmula 3, GP3 Series, Formula 2
Pierre Gasly -> Fórmula 4 (Fórmula Renault 1.6), Fórmula Renault 2.0, Fórmula Renualt 3.5, GP2 Series, Super Fórmula
Max Verstappen -> Fórmula Abarth, Fórmula 3
Daniel Ricciardo -> Fórmula Ford, Fórmula BMW, Fórmula Renault 2.0, Fórmula 3, Fórmula Renault 3.5
Nico Hülkenberg -> Fórmula BMW, Fórmula 3, A1GP, GP2 Series
Romain Grosjean -> Fórmula Lista Junior, Fórmula Renault 1.6, Fórmula Renault 2.0, Fórmula 3, GP2 Series, AutoGP
Kevin Magnussen -> Fórmula Ford, Formel Masters, Fórmula Renault 2.0, Fórmula 3, Fórmula Renault 3.5
Lando Norris -> Ginetta Junior, Fórmula 4, Fórmula Renault 2.0, Toyota Racing Series, Fórmula 3, Fórmula 2
Carlos Sainz -> Fórmula BMW, Fórmula Renault 2.0, Fórmula 3, GP3 Series, Fórmula Renault 3.5
Sergio Pérez -> Skip Barber, Fórmula BMW, A1GP, Fórmula 3, GP2 Series
Lance Stroll -> Fórmula Abarth, Fórmula 4, Toyota Racing Series, Fórmula 3
Kimi Raikkonen -> Fórmula Ford, Fórmula Renault 2.0
Antonio Giovinazzi -> Fórmula Pilota China, Fórmula Abarth, Fórmula 3, GP2 Series
Daniil Kvyat -> Fórmula BMW, Fórmula Renault 2.0, Toyota Racing Series, GP3 Series, Fórmula 3
Alex Albon -> Fórmula Renault 2.0, Fórmula 3, GP3 Series, Fórmula 2
George Russell -> Fórmula 4, Fórmula Renault 2.0, Fórmula 3, GP3 Series, Fórmula 2
Robert Kubica -> Fórmula Renault 2.0, Fórmula 3, Fórmula Renault 3.5";deporte
"Portugal devuelve al FMI todos los créditos del rescate financiero de 2011
El organismo internacional le prestó más de 26.000 millones al 5,8% de interés.

Antes de final de año, Portugal habrá finiquitado sus créditos con el Fondo Monetario Internacional (FMI). Serán 4.700 millones de euros, de un total de 26.300 millones concedidos en 2011 por el citado organismo para salvar al país de la bancarrota. El anuncio ha sido hecho por el primer ministro, António Costa, en la última sesión de debate de los presupuestos para 2019, aprobados con los votos del su propio partido socialista, el comunista y el Bloco de Esquerda y el diputado del PAN.

La devolución total del crédito se produce con años de antelación y gracias a una bonanza económica, que se traduce en crecimientos por encima de la media de la UE (2,2% este año) y en un paro del 6,6% en septiembre, el más bajo desde hace 16 años.

La aprobación del último presupuesto de la legislatura fue un paseo triunfal para Costa, con las únicas cornadas de la rebaja del IVA a los espectáculos taurinos, el frenazo al aumento del gravamen de los coches de trabajadores autónomos y la eliminación de una tasa para Protección Civil. Apenas un aumento de 100 millones de euros respecto al presupuesto que entró en el Parlamento.

Pese a las más de 900 enmiendas presentadas, muy pocas salieron adelante y apenas modificaron el presupuesto diseñado por el titular de Finanzas, Mário Centeno, quien seguirá poseyendo su principal arma para controlar cualquier desvío presupuestario durante 2019: el poder de congelar cualquier gasto, aunque esté aprobado. Son más de mil millones de euros con los que Centeno puede jugar para conseguir su meta de un 0,2% de déficit anual. Ese objetivo no se lo cree la Comisión Europea, pero al Gobierno socialista le avalan tres años de previsiones, en los que siempre ha errado Bruselas y ha acertado Lisboa.

La devolución al FMI de 4.700 millones pone fin a un préstamo de 26.300 millones de euros que, en 2011, fueron concedidos a un interés del 5,8%. Gracias a la evolución de la economía internacional y nacional, el Estado ha ido emitiendo deuda a intereses mucho más bajos con los que ha ido adelantando reembolsos. La emisión de deuda de este año ha tenido un interés medio del 1,9%. A partir de ahora, según ha anunciado el portavoz del FMI -que se encuentra en Lisboa para el seguimiento trimestral del plan de salvamento-, la relación con el organismo será la misma que la de cualquier país asociado.

";economia
"EE UU y China acuerdan no imponer nuevos aranceles desde el 1 de enero
Trump y Xi fraguan el pacto en una reunión de dos horas y media tras la clausura de la cumbre del G20 en Buenos Aires.

Un compromiso que no detiene la disputa pero gana tiempo. China y Estados Unidos han llegado este sábado a un acuerdo para no imponerse nuevos aranceles a partir del 1 de enero. El presidente del gigante asiático, Xi Jinping, y el de la potencia norteamericana, Donald Trump, se han comprometido a seguir las negociaciones para buscar una solución a la guerra comercial entre los dos mayores bloques económicos mundiales, según han informado los medios estatales chinos y la Casa Blanca. Pero el compromiso es estrictamente temporal —90 días— y no incluye ninguna medida de fundamento.

El pacto se alcanzó en una reunión de dos horas y media que los dos mandatarios celebraron en Buenos Aires tras la clausura de la cumbre del G20 y se ha convertido en la única noticia de calado de la última jornada de la cita porteña. Hasta el anuncio, pintaban bastos en el flanco comercial de la cumbre: en el documento de conclusiones de la reunión de jefes de Estado y de Gobierno de las 20 mayores economías del planeta, los líderes habían reconocido los ""problemas del comercio"" mundial y se habían abstenido —por voluntad de EE UU— de condenar el proteccionismo, una de las señas de identidad de la Administración Trump. El texto reconocía, además, que el comercio multilateral había ""fallado en sus objetivos"" y destacaba la necesidad de reformar la Organización Mundial de Comercio (OMC).

Washington fue un paso más allá en su carga contra China: informó de que la cita entre Trump y el presidente argentino, Mauricio Macri, se había concentrado en ""la actividad económica depredadora china"". Había sido en un breve comunicado firmado por la portavoz de Trump, Sarah Sanders. Pero la palabra ""depredadora"" (""predatory Chinese economic activity"", fue el textual completo en inglés) cayó como una bomba en el país anfitrión, que esperaba que Buenos Aires fuese el lugar elegido para que ambos países firmasen la pipa de la paz o que, al menos, apartasen sus diferencias. Al final acabó siendo así gracias a la reunión bilateral de última hora.

Aranceles del 10%
En declaraciones a los medios en la capital argentina, el viceministro chino de Comercio Wang Shouwen precisó que los aranceles existentes continuarán al 10%, y no se impondrán aranceles a productos nuevos. Ambas partes continuarán las negociaciones para encontrar una solución que permita retirar estos gravámenes. Si para entonces no han conseguido encontrar un consenso, los aranceles se elevarán hasta el 25%, la tarifa que estaba esperado que entrase en vigor a partir del 1 de enero.

En un comunicado, la Casa Blanca confirmó el acuerdo de tregua. Según Washington, Pekín comprará “una cantidad aún no decidida, pero muy sustancial, de productos agrícolas, energéticos, industriales y otros a Estados Unidos para reducir el desequilibrio comercial entre nuestros dos países”. En el caso de los productos agrícolas —uno de los objetivos que perseguía la potencia norteamericana—, las compras comenzarán de inmediato. Trump y Xi, según la Casa Blanca, “han acordado empezar inmediatamente negociaciones sobre cambios estructurales con respecto a la transferencia forzosa de tecnología, protección de la propiedad intelectual, barreras no arancelarias, piratería e intrusiones informáticas, servicios y agricultura”.

El objetivo es que estas negociaciones hayan logrado cerrar un acuerdo para dentro de 90 días. “Si al final de este periodo las partes son incapaces de llegar a un pacto, las tarifas que se encuentran al 10% subirán al 25%”, confirma el comunicado estadounidense. Antes de la reunión con Xi en Buenos Aires, Trump amenazaba con elevar al 25% el 1 de enero los aranceles del 10% que ahora impone EE UU sobre 200.000 millones de dólares de productos chinos. Ese paso inquietaba no solo en China, sino en todo el mundo: habría sido un paso de gigante, de consecuencias incalculables en la escalada entre las dos mayores potencias del globo. Los mercados financieros deberían respirar un poco más tranquilos el próximo lunes.

Incluidas en las conversaciones entre Xi y Trump, ha revelado la Casa Blanca, se encuentra un acuerdo por el que China, “en un maravilloso gesto humanitario”, designará el fentanilo como una sustancia controlada y castigará “con la mayor pena de acuerdo con la ley” a quienes vendan esta sustancia a EE UU. El fentanilo es un analgésico entre 50 y 100 veces más potente que la morfina, cuyo uso se ha vinculado al crecimiento de las muertes por sobredosis de opiáceos en EE UU. Esta sustancia entra en ese país principalmente por el tráfico de grupos mafiosos en China y México.

El ministro chino de Exteriores, Wang Yi, confirmó en una rueda de prensa que Pekín ha acordado comprar más bienes estadounidenses para tratar de reducir el desequilibrio en la balanza comercial. El ministro describió la conversación entre Xi y Trump como “amistosa y sincera”. Ambos, según Wang, se mostraron de acuerdo en que China y EEUU “pueden y deben” garantizar el éxito de sus relaciones.";economia
"Trump desconcierta a Wall Street con su doble lenguaje sobre China
El presidente estadounidense afirma que hay progresos en las conversaciones con Pekín pero su entorno rebaja el optimismo.

Donald Trump sabe que cuando habla, los mercados le escuchan y reaccionan. Especialmente si se trata del litigio comercial con China. Este viernes lo hicieron de nuevo con mucha volatilidad, porque la confusión en el parqué es enorme. Por un lado, el presidente de Estados Unidos se muestra optimista al afirmar que hay ""buenos progresos"". Pero su entorno deja claro que esa declaración es más bien una aspiración que una realidad, porque no hay movimientos concretos.

La guerra comercial es uno de los principales factores que hicieron de lastre en Wall Street durante las últimas semanas. La tensión pareció relajarse este jueves, cuando el propio Donald Trump lanzó un mensaje en las redes sociales para anunciar que había hablado con Xi Jinping y que las discusiones avanzaban en la buena dirección. Y esta madrugada circulaba una información de la agencia Bloomberg en la que se afirmaba que el presidente había pedido un borrador de acuerdo.

El Dow Jones abría así este viernes la sesión en positivo. Trump, a cuatro días de las elecciones legislativas, se ve en la necesidad de hacer ver que las cosas progresan. Hasta ahora había negado que el litigio comercial fuera el motivo de la incertidumbre que reina en el mercado neoyorquino y echaba la culpa al alza de tipos de interés por parte de la Reserva Federal. Pero el índice de referencia de Wall Street volvió a tornarse negativo a media sesión por las dudas.

Larry Kudlow, el principal asesor económico del presidente, dejó claro que las conversaciones con China no habían avanzado nada y negó que hubiera tal petición. Es más, afirmó que los negociadores chinos no están respondiendo a sus reclamaciones. “Podemos hacer más si el presidente lo decide”, señalaba desafiante, refiriéndose a la aplicación de nuevos aranceles: “Nuestra economía va mejor que la China”, afirmó. El Dow Jones pasó en ese momento a caer más de un 1%.

Las pérdidas se moderaron un par de horas después, cuando el propio Trump comentó a la prensa que tiene previsto cenar con Xi durante la próxima cumbre del G20 este mes en Buenos Aires. “Quieren realmente un acuerdo”, aseguraba el presidente estadounidense, que auguró que eventualmente “habrá un buen” acuerdo para los dos países, sin precisar plazos. Pero al tiempo que hablaba de progresos, volvía a repetir que Pekín sabe a lo que se atiene si no pacta.

La conversación de Trump con Xi fue la primera en seis meses, lo que se interpretó como un giro en las estancadas negociaciones entre ambas potencias. Tras meses de mano dura, el presidente estadounidense parece que opta ahora por un acercamiento basado en alcanzar un acuerdo provisional que rebaje la tensión con Pekín. Los dos países intensificaron de forma significativa el conflicto durante el pasado verano, con la entrada en vigor de varias rondas mutuas de aranceles.

Trump, explica la agencia Xinhua, dijo “conceder importancia a una buena relación con Xi” y le pidió mantener un contacto “frecuente y directo”. El presidente chino le contestó que para él también es crucial tener una buena relación mutua. Pero le mostró su descontento con el rumbo que ha tomado la Administración estadounidense en los últimos meses: “Ambas partes han estado en desacuerdo sobre temas comerciales durante algún tiempo, algo que ha causado un impacto negativo en ambos países, así como en el comercio mundial. Esto no es lo que China quiere ver”, dijo Xi, siempre según Xinhua.

La llamada entre Xi y Trump es el primer contacto directo entre ambos Ejecutivos en materia comercial en meses. Las negociaciones quedaron estancadas en mayo, cuando el presidente estadounidense echó abajo un principio de acuerdo entre ambas administraciones por el cual China se comprometía a aumentar sus compras de productos americanos. Pekín se molestó enormemente ante ese desplante y desde entonces el discurso oficial ha virado hacia posiciones mucho más duras. El mantra en Pekín ya no es que Trump usa la mano dura para lograr una relación comercial más equilibrada, sino que Washington tiene por objetivo último contener el desarrollo de China.

La cuestión es si, con este movimiento, el presidente estadounidense busca realmente una tregua con China por la presión del conflicto comercial sobre el tejido empresarial estadounidense o si se trata de una estrategia a corto plazo para dar una alegría a los mercados a pocos días de las elecciones legislativas. De momento, al menos en China, las Bolsas respondieron al optimismo mostrado por ambos presidentes con fuertes subidas: Shanghái sumó un 2,7% y Hong Kong un 4,2%.

Hasta el momento, Estados Unidos ha impuesto aranceles adicionales a productos chinos valorados en más de 250.000 millones de euros, mientras que China ha hecho lo propio con mercancías estadounidenses por valor de unos 110.000 millones. Trump ha amenazado con gravar todos los productos procedentes del país asiático si Pekín no cede a sus demandas, basadas no solamente en la reducción del déficit comercial, sino también en que acaben varias prácticas que su Administración tacha de desleales.

Según Bloomberg, Trump ha pedido a secretarios clave de varias agencias de su Gobierno que elaboren un documento que facilite un alto al fuego tan pronto para este mes. Con las posiciones tan alejadas, parece improbable que en tan poco tiempo se pueda firmar un pacto muy diferente del de mayo, es decir, un documento que vaya más allá de rectificar el déficit comercial estadounidense y aborde los temas de carácter estructural, mucho más espinosos, como la protección de la propiedad intelectual, los subsidios estatales, las transferencias tecnológicas forzadas o el plan de modernización industrial Made in China 2025.

Pero Trump parece convencido de poder usar su supuesta química con Xi para lograr el pacto. Según el periódico hongkonés South China Morning Post, Trump y Xi se verían en la tarde del 1 de diciembre, una vez finalizada la cumbre de líderes del G20. El presidente estadounidense habría pedido a su equipo retrasar su vuelta a Washington unas horas para organizar una cena esa noche en Buenos Aires con el presidente chino. El objetivo sería buscar un ambiente más relajado y propicio que el de una reunión al uso para que ambos líderes negocien esa tregua.";economia
"Luis Miguel no participará en el Festival de Viña del Mar
Aseguran que la suspensión de algunos conciertos y el incumplimiento de los horarios establecidos en sus más recientes conciertos incidió en dejarlo fuera del festival.

Los organizadores del Festival Internacional de la Canción de Viña del Mar fracasaron en su intención de contratar al cantante mexicano Luis Miguel, informó la edición digital del diario El Mercurio.


Según el periódico, ""aunque efectivamente existió un acuerdo entre las partes"" para contar con el ""Sol de México"" en febrero próximo, su ""irregular presente musical"" incidió en la decisión de dejarlo fuera de la próxima versión del certamen.


Además, Luis Miguel colocó ""trabas"" para la televisación de su espectáculo, el cual estaba considerado para abrir la edición 60 del Festival, el 24 de febrero próximo, lo que también habría pesado en la decisión de los productores.

La fuente comentó que los productores realizaron ""todos los esfuerzos"" para contar con el mexicano, pero pesó en su contra la suspensión de algunos conciertos y el incumplimiento de los horarios establecidos en sus más recientes recitales.


De esta forma, los productores se concentrarán ahora en la contratación de otro artista latino de primer nivel, entre los cuales se menciona al español Raphael, que estuvo en Chile el fin de semana pasado por la Teletón, y al mexicano Marco Antonio Solís.

También se menciona a los portorriqueños Ricky Martin y Chayanne, lo que debería quedar definido en los próximos días porque durante la primera quincena de este mes debe quedar conformada al menos el 70 por ciento de la parrilla de artistas del certamen musical.

El Mercurio añadió que la tarea de conseguir un número latino de peso ""se ha dificultado en las últimas semanas"" porque ningún artista quiere aparecer como reemplazo del cantante mexicano.

Sin embargo, en febrero próximo Luis Miguel estará de todas formas en Chile debido a que realizará, antes del Festival de Viña del Mar, cuatro presentaciones en esta capital, las que ya están agotadas en su totalidad.";espectaculos
"Serrat ofrecerá concierto en el Teatro Diana
El español presentará parte de su gira “Mediterráneo Da Capo” el 19 de febrero de 2019.

El cantautor catalán Joan Manuel Serrat presentará en febrero del próximo año ocho conciertos en México como parte de su gira “Mediterráneo Da Capo”, espectáculo en el cual relanza su emblemático disco “Mediterráneo” que dio a conocer en 1971, además de dar “alguna sorpresa musical de nuevo cuño”.


En su página oficial dio a conocer que estará en el Palacio de Bellas Artes de la Ciudad de México los días 7, 9, 14, 16 y 17 de febrero de 2019, así como el martes 12 en Puebla, el martes 19 en el Teatro Diana de Guadalajara y el jueves 21 en Monterrey.


Su producción “Mediterráneo”, a cargo de Juan Carlos Calderón, Gian Piero Reverberi y Antoni Ros-Marbá, ha sido considerada tanto por el público como por la crítica como el álbum más importante del compositor y trovador nacido en Barcelona el 27 de diciembre de 1943.

Sus 10 temas resultaron fundamentales para su carrera, entre las que destacan la canción que da nombre al álbum, así como “Lucía”, “Vencidos” y “Barquito de papel”. Con “Da capo”, un término musical de origen italiano que significa volver al principio, pretende rescatar esa obra de 47 años y “ponerla en presente”.

“Transcurrido casi medio siglo, Serrat regresa al Mediterráneo que nunca abandonó. En tiempos de visados, fronteras y alambradas, el artista ha tenido la feliz ocurrencia de considerar que, además de ciudadano del mundo, de catalán, español y europeo, lo es sobre todo de su mar de cada día”, se lee en su página.

En específico “de esa patria líquida que une -más que separa- continentes, tradiciones, creencias, colores de piel e incluso hombres y mujeres que nadan en sus playas, navegan en sus yates y naufragan en sus pateras”, añade en jmserrat.com.


La gira también será llevada a España, Chile, República Dominicana, Estados Unidos, Guatemala, El Salvador, Honduras, Costa Rica y Colombia en lo que queda de este año y el primer trimestre del siguiente.

Recuperado de algunos problemas de salud, el más reciente una faringitis que a principios del mes pasado le obligó a suspender una actuación en Argentina, el trovador ha señalado que “la fragilidad de la vida” lo lleva a no querer perder la posibilidad de festejarla.

En ese marco en abril de este año Serrat lanzó un álbum recopilatorio, de nombre “Discografía”, con 12 discos compactos con toda su obra en catalán, y apenas el 30 de noviembre pasado dio a conocer un trabajo similar en castellano que suma una docena de producciones en CD, además de “Vinilos”, con sus mejores producciones en “Long play” (LP).

";espectaculos
"Revelan nuevo póster de “Capitana Marvel”
La productora anunca, además, que el nuevo tráiler de la cinta se lanzará durante el intermedio de un partido en ESPN.

Marvel Studios lanzó un nuevo y espectacular póster de “Capitana Marvel”, en la que se puede apreciar el traje que portará la actriz Brie Larson como heroína.


Además, anunció que el nuevo tráiler de la cinta, que llegará a las salas de cine el 8 marzo de 2019, se podrá ver en Estados Unidos durante el intermedio del partido entre Philadelphia Eagles y Washington Redskins, en el “Monday Night Football”.

Ambientada en la década de 1990, el nuevo filme del Universo Cinematográfico de Marvel sigue el viaje de “Carol Danvers” (Brie Larson) donde se convierte en uno de los héroes más poderosos del universo.

Mientras que una guerra galáctica entre dos razas alienígenas llega a la Tierra, “Danvers” se encuentra a sí misma y a un pequeño grupo de aliados en el centro de la vorágine.

Dirigida por Anna Boden y Ryan Fleck, cuenta por con un reparto encabezado por Brie Larson (“Carol Danvers”), Jude Law (“Mar-Vell”) y Samuel L. Jackson (“Nick Fury”).

También estarán Ben Mendelsohn (“Talos”), Gemma Chan (“Minn-Erva”), Lee Pace (“Ronan”), Mckenna Grace (“joven Carol Danvers”), Clark Gregg (“Coulson”), Djimon Hounsou (“Korath”), Kenneth Mitchell (“Joseph Danvers”), Annette Bening, Lashana Lynch, Rune Temte, Damon O’Daniel, Algenis Perez Soto, Colin Ford, Robert Kazinsky, Connor Ryan y DJ Jenkins.";espectaculos
"Actriz egipcia irá a juicio por usar vestido revelador
Rania Youssef fue demandada por un grupo de abogados que se sintieron ofendidos por el vestido que revelaba las piernas de la intérprete.

Una actriz egipcia irá a juicio por cargos de obscenidad pública por usar un vestido revelador que, según dice, no tenía el objetivo de ofender a nadie e imploró a sus detractores a creer en sus buenas intenciones.


En una publicación en Facebook de la tarde del sábado, Rania Youssef dijo que juzgó mal cómo la gente reaccionaría al vestido que utilizó para la ceremonia de clausura del Festival Internacional de Cine de El Cairo de este año, que revelaba todas sus piernas a través de una gasa transparente.

Las imágenes de Youssef en el evento fueron muy compartidas en redes sociales y provocaron que un grupo de abogados presentara una demanda al procurador, quien rápidamente envió a la actriz a juicio. Muchas demandas se demoran meses o incluso más antes de que haya un dictamen, así que la rápida acción deja al descubierto el deseo de tranquilizar a quienes se sintieron ofendidos. Youssef deberá comparecer ante la corte el 12 de enero.

Quiero reiterar mi compromiso a los valores y ética que nos han inculcado en la sociedad egipcia

El vestido y las noticias del juicio de Youssef dominaron la conversación en redes sociales durante el fin de semana, llegaron a la primera plana del domingo en varios periódicos y fueron tema de varios artículos de opinión.

Emad Hussein, editor del respetado diario independiente Al-Shorouk, dijo que Youssef tenía todo el derecho, en teoría, de usar el vestido que quisiera, pero que su ""gran error"" fue que ""parecía más un traje de baño"".

""Hay una ley que prohíbe ofender al público pero, más importante, hay valores sociales que deben respetarse"", escribió el domingo.

";espectaculos
"Kim Kardashian desvela que había tomado éxtasis antes de rodar el vídeo sexual que le hizo famosa.

En un capítulo de su 'reality', la estrella desvela que iba ""hasta arriba de éxtasis"" cuando se casó por primera vez y cuando hizo el vídeo sexual

El vídeo sexual de Kim Kardashian lo negoció su madre, Kris Jenner

Famosos que han sido extorsionados con un vídeo sexual

La primera vez que el mundo oyó hablar de Kim Kardashian como algo más que la amiga y asistente de Paris Hilton fue allá por 2003, cuando se hizo público un vídeo íntimo suyo que había grabado con su entonces novio Ray J. Desde entonces se ha hablado mucho sobre esa cinta y su filtración, que muchos atribuyen a una maniobra deliberada de Kris Jenner -la matriarca del mediático clan que encabeza la estrella- para sacarla de la sombra de la rica heredera rubia, pero ahora su propia protagonista se ha encargado de ofrecer nuevos detalles sobre cómo surgió la idea de grabarla.En resumen, se trató de una de las dos terribles decisiones que ha tomado a lo largo de su vida después de consumir una droga muy concreta que, tras aprender la lección, no ha vuelto a tocar.""Me casé hasta arriba de éxtasis. Esa fue la primera vez: tomé éxtasis y acabé casándome. Lo tomé solo una vez más, e hice un vídeo sexual. Es como si cualquier cosa terrible que pudiera suceder me ocurriera cuando lo tomo"", ha revelado la celebridad en el último episodio del reality familiar -su espacio favorito para hacer este tipo de confesiones- durante una conversación con su antiguo cuñado Scott Disick y su hermana pequeña, Kendall Jenner, acerca de su pasado salvaje y su primer y breve matrimonio con el productor Damon Thomas.

Ray J, con quien Kardashian salía en el vídeo sexual, era el novio de Whitney Houston cuando ésta falleció. 

""Todo el mundo lo sabe"", añadió tras percatarse de la cara de sorpresa de ambos. ""La mandíbula no paraba de temblarme durante toda la grabación"".La reacción tanto de Kendall como de Scott se explicaría en parte debido a que cada vez que alguien trata de hacer referencia a ese infame vídeo para desacreditar a Kim Kardashian o criticar su estatus de pionera del tipo de celebridades 'famosas por el mero hecho de ser famosas', ella suele defenderse alegando que un solo error no debería definirla para siempre y que a día de hoy se ha convertido en un buen ejemplo para las nuevas generaciones, como empresaria hecha a sí misma y mujer de familia que no consume drogas -no cuesta imaginar por qué- y apenas bebe.Eso no significa, sin embargo, que no sepa soltarse la melena de vez en cuando si la ocasión lo merece, como se ha encargado de explicar en una entrevista aparte durante el mismo capítulo de 'Keeping Up With the Kardashians': ""La verdad es que Kendall no tiene ni idea, pero la pura verdad es que atravesé una fase muy rebelde en los últimos años de la adolescencia. Ya no soy así, pero no os confundáis, sigo sabiendo divertirme y siempre soy el alma de la fiesta"".";espectaculos
"Congreso aprobó la ley del presupuesto público para 2019
Con 75 votos a favor, 15 en contra y 4 abstenciones, el pleno del Parlamento aprobó el proyecto de ley del Presupuesto Público para el Año Fiscal 2019. También se aprobaron los proyectos de ley de Endeudamiento y de Equilibrio Financiero.

Luego de tres días de debate, el pleno del Congreso aprobó esta tarde los dictámenes referidos a los proyectos de Ley de Presupuesto, de Endeudamiento y de Equilibrio Financiero para el año fiscal 2019. 

Con 75 votos a favor, 15 en contra y 4 abstenciones, el pleno del Parlamento aprobó el proyecto de ley del Presupuesto Público para el Año Fiscal 2019. El documento fue exonerado de segunda votación.


También se aprobaron los proyectos de ley de Endeudamiento y de Equilibrio Financiero para el Año Fiscal 2019.

El Ejecutivo había remitido al Congreso el proyecto de Ley del Presupuesto 2019, cuyo monto asciende a S/168,100 millones, monto 6.9% mayor al presupuesto institucional de apertura de S/157,200 millones del 2018.

Durante su sustentación, el ministro de Economía y Finanzas (MEF), Carlos Oliva, indicó que el presupuesto tiene como prioridades la inversión en salud y educación, así como garantizar y acelerar el proceso de reconstrucción.

EL DEBATE

​Durante la presentación del primer ministro César Villanueva en el Congreso, destacó que el proyecto de ley del presupuesto es descentralista y llevará a gobernar un país moderno, descentralizado, y con muchas ilusiones de cara al bicentenario.

Durante dos días, los congresistas realizaron una serie de pedidos para incluir más disposiciones complementarias, varias de ellas con la intención de beneficiar a sus regiones o sectores específicos.

Por ejemplo, Israel Tito Lazo, de Fuerza Popular (FP), pidió que el personal calificado de las armadas de Zarumilla reciba una bonificación equivalente a S/2.500 mensuales con carácter vitalicio.

Milagros Salazar (FP) pidió una nueva escala remunerativa para el personal de la ONPE. Así como promover mejoras en la situación laboral de los trabajadores del sector Salud.

Marco Miyashiro (FP), pidió autorizar la continuidad del proyecto mejoramiento de los servicios críticos del hospital Luis Saenz para la mejora de la atención de la familia policial. Segundo Tapia (FP),  solicitó continuar con la construcción de la represa Chota en Cajamarca y de carreteras en la misma región. Además, pidió promover ascensos a oficiales de la policía y ejecutar una solicitud favor del financiamiento de los Trabajadores 276 del ministerio de la mujer.

Por su lado, durante el debate, los congresistas del Frente Amplio (FA) pidieron mejoras salariales para maestros y que se asignen una mayor pensión a los pescadores jubilados. La parlamentaria María Elena Foronda cuestionó la exoneración tributaria que beneficia a los que realicen exploración minera y de hidrocarburos, por los que -dijo- se dejaría de percibir S/16,498. 

El parlamentario Juan Carlos Yuyes, de Fuerza Popular (FP), pidió que se priorice la construcción de instituciones educativas frente a la reconstrucción con cambios. También Israel Tito Lazo (FP) pidió por los estudiantes y el sector agricultura ya que este necesita S/2.000  millones más. ""Empujamos a los caficultores a volver a sembrar la coca con este presupuesto"", cuestionó.

";politica
"Congreso tarda unos 97 días hábiles en resolver pedidos para levantar la inmunidad
Aparte del caso de Benicio Ríos, la Corte Suprema ha enviado al actual Parlamento requerimientos para cinco congresistas. Expertos analizan la figura.

¿Existen excesos en el trámite para levantar la inmunidad parlamentaria?

Ni bien un ciudadano es elegido legislador, no se puede iniciar un proceso en su contra ante el Poder Judicial y tampoco puede ser apresado sin contar con una autorización expresa del Congreso de la República. Así lo establece el artículo 93 de la Constitución.


A la fecha, la Corte Suprema ha enviado al actual Parlamento requerimientos para cinco congresistas.

El caso del legislador Benicio Ríos (Alianza para el Progreso), sentenciado en dos instancias por colusión, dio pie a un debate jurídico entre el Congreso y el Poder Judicial. Este último argumentó que no le correspondía esta prerrogativa en tanto que los hechos fueron cometidos antes de asumir su cargo.

Según un análisis realizado por El Comercio, el actual Congreso demora un promedio de 97 días hábiles en tener una decisión final sobre los pedidos de levantamiento de la inmunidad enviados por la Corte Suprema. En este tiempo se incluyen las devoluciones de las solicitudes, así como las reiteraciones del Poder Judicial.

Para este informe, se buscó la versión de Octavio Salazar (Fuerza Popular), actual presidente de la Comisión de Levantamiento de Inmunidad, pero no hubo respuesta.

1) ¿Cuántos tipos de inmunidad existen y en qué casos se aplican? 
José Elice, presidente ejecutivo de Reflexión Democrática, detalla que hay dos tipos: la de proceso y la de arresto. La primera impide que se formalice un proceso penal en contra de congresistas en el ámbito judicial por delitos comunes (aquellos que no están relacionados con el ejercicio de su función). La segunda evita que sean privados de su libertad por prisión preventiva o sentencia efectiva. Agrega que la única excepción que establece la Constitución es en caso de los legisladores que caigan en delito flagrante. Allí son puestos a disposición –dentro de las 24 horas– del Legislativo para que decida si procede un enjuiciamiento o no. La inmunidad abarca desde la elección hasta un mes después de culminado el mandato.

2) ¿Cuándo se requiere la comunicación al Congreso?
Esta prerrogativa no protege al congresista en procesos penales iniciados con anterioridad a su elección, dice el abogado Enrique Ghersi. Al ser elegidos, los procesos siguen su curso habitual y, de darse una sentencia efectiva, se debe pedir el levantamiento de inmunidad de arresto del legislador. Si, por el contrario, se desea formular acusación para iniciar un proceso judicial al congresista, la Corte Suprema debe pedir el levantamiento de la inmunidad de proceso.

3) ¿Cuáles son los plazos para decidir una vez ingresado el pedido de la Corte Suprema? 
El ex oficial mayor José Cevasco indicó que, según el art. 16 del Reglamento del Congreso, el presidente del Legislativo deriva el pedido a la Comisión de Levantamiento de Inmunidad en 24 horas. Esta, a su vez, tiene cuatro días útiles para admitir la solicitud o pedir subsanaciones. De ser admitida, recoge los descargos del imputado dentro de los tres días hábiles (si no asiste, no se detiene el proceso). Si el congresista accede al levantamiento de su fuero, la comisión tiene otros tres días hábiles para aprobar el mismo o, en todo caso, rechazarlo. Y si no se allana, en 15 días hábiles se debe emitir un dictamen al respecto. Una vez emitido, debe ser puesto en dos días hábiles en la agenda del pleno del Congreso. Se vota al día siguiente. El levantamiento procede con los votos de la mitad más uno del número legal de congresistas. En total, el pedido de la Corte Suprema debería proceder en alrededor de 26 días hábiles.

4) ¿Qué herramientas tiene la justicia para evitar dilaciones? 
Los especialistas coinciden en que ninguna, por la autonomía del Congreso. No obstante, Alejandro Rospigliosi, ex jefe de gabinete de asesores de la Mesa Directiva del Congreso, añade que los legisladores que incurran en blindaje podrían ser denunciados por violación del artículo 139 de la Constitución, que refiere que ninguna autoridad puede dejar sin efecto sentencias judiciales, así como por el delito de encubrimiento.

—Otros casos—
La Corte Suprema aún no se pronuncia sobre una solicitud de levantamiento de inmunidad para Yesenia Ponce (Fuerza Popular) por el presunto delito contra la fe pública.

Zacarías Lapa (Frente Amplio) fue sentenciado por negociación incompatible, pero la Corte Superior de Ayacucho lo absolvió.

";politica
"Alianza Lima: Banco Pichincha se convirtió en nuevo auspiciador del cuadro blanquiazul
Alianza Lima  lucirá desde su partido ante Melgar y por toda la campaña 2019 el logo del Banco Pichincha.

Tal como adelantó El Comercio, el Banco Pichincha se convierte en el auspiciador principal del club Alianza Lima por todo el 2019. El nuevo auspiciador íntimo se lucirá en el pecho de la camiseta y, según pudo conocer este diario en CADE 2018, también realizará acciones de branding en el estadio del club.

Julio Malo, gerente general del banco (antes banco Financiero) cuenta por qué eligieron a Alianza Lima. “Hay un elemento de historia, el banco Pichincha en Ecuador nace en el año 1906, Alianza Lima en 1901, las edades son parecidas. Lo que queremos es apoyar al deporte, con mucha tradición. Me gustaría hacer un esfuerzo más amplio pero en la banca tenemos mucho rigor en los presupuestos. Creo que será una experiencia muy favorable para ambas partes”, explicó.

El ejecutivo detalló que su marca se ubicará en el pecho de la camiseta blanquiazul, que es el elemento central e involucrarán otros elementos en el estadio y que tengan alta visibilidad. Aunque prefirió no adelantar los montos de inversión para hacerse de esa posición, se conoce que el pecho de la camiseta blanquiazul estaría valorizada en alrededor de US$1,5 millones.

Malo comentó que el monto por el 2019 está dentro de los números que maneja el banco como parte de su presupuesto de marketing. “Es un monto coherente, no nos exige demasiado pero es un buen valor”, precisó.

Si bien el acuerdo contractual regirá por todo el próximo año, Malo indicó a este diario que la proyección es que pueda extenderse y dure en el tiempo. “Un año pasa rápido, uno quiere acompañar el crecimiento del club por más tiempo”, indicó Malo.

Como se recuerda, tras la salida de 24Win del pecho de la camiseta de Alianza Lima en el 2017, ese espacio quedó vacío durante este año, pese a los buenos resultados que el club obtuvo el año pasado.

¿Pichincha evalúa auspiciar a más clubes del torneo local? El ejecutivo señala que los presupuestos no son ilimitados y, por el momento, no alcanzaría para más auspicios.

RELACIÓN CON EL FÚTBOL
En Ecuador, banco Pichincha auspicia a un importante club de fútbol, por lo que su relación con el deporte rey no es nueva. No obstante, en el Perú, Alianza Lima se convierte en el primer equipo al que auspiciará.

De ese modo, también se marca el ingreso de la banca al fútbol, tal y como sucede en otros países del mundo pero que en nuestro país había sido esquivo.

“El deporte es una fuerza positiva en el mundo. Si es que hay malas experiencias en el fútbol (como violencia o riesgo de ella en las canchas), queremos que estas sean mínimas. Lo que nos acerca a un club deportivo de fútbol son los valores, espíritu de equipo, el arraigo a la pirámide social. En el mundo, la experiencia banca con el fútbol es una práctica común”, comentó Julio Malo, gerente general del banco Pichincha.

";politica
"CADE: “Vemos con mucho optimismo un TLC entre Perú e India”
Sangram Sahoo, gerente general de Tata Consultancy Services, detalla que el Perú tiene potencial para exportar servicios a la industria mundial de software; y un TLC con India permitiría su mejora.

En el marco de CADE Ejecutivos 2018, El Comercio conversó con Sangram Sahoo, gerente general de Tata Consultancy Services (TCS) en el Perú; empresa que llegó a nuestro país ocho años atrás y que actualmente presta servicios de software a 15 grandes firmas del rubro de banca, telecomunicaciones y retail.

“Tenemos hoy en día poco más de 1.000 colaboradores. Nuestro recorrido durante los últimos 8 años ha sido interesante y esperamos crecer en los próximos años que vienen porque el PBI del Perú está creciendo relativamente mejor que el de América Latina. Estamos viendo el mercado [local] con mucho optimismo”, precisó.


En esa línea, precisó que TCS Perú, al ser una firma de conocimiento, talento y servicio, vienen invirtiendo fuertemente en talento peruano.

“Reclutamos a jóvenes de diferentes universidades e invertimos muchísimo en capacitaciones localmente y también mandamos personas fuera del país. Ese es nuestro foco de inversión”, comentó.

TLC CON INDIA

Sobre las negociaciones que el Perú e India vienen teniendo para firmar un tratado de libre comercio (TLC), Sahoo indicó que ven “con mucho optimistmo” que dicho acuerdo pueda materializarse en el corto plazo.

“India, como país, tiene muchos avances en tecnología, particularmente en la industria de software. Y en Perú hay mucho talento. Entonces, creo que con los avances que ya hemos tenido en India, Perú puede aprovechar y desarrollar más este sector”, remarcó el ejecutivo.

";politica
"ONPE señala que no fue consultada sobre disposición en dictamen
En tanto, Transparencia aclaró que no emitió opinión favorable, pese a que en el dictamen sobre financiamiento ilegal de partidos se afirma lo contrario.

La Oficina Nacional de Procesos Electorales (ONPE) informó que no ha sido consultada sobre las disposiciones complementarias incluidas en el dictamen de la Comisión de Justicia del Congreso que plantea incorporar al Código Penal el delito de financiamiento ilícito de organizaciones políticas.

Cabe recordar que en la primera disposición complementaria final del dictamen, que incorpora el artículo 31-A a la Ley de Organizaciones Políticas, se señala que “los informes de investigación de financiamiento prohibido, realizado a las organizaciones políticas por la Oficina Nacional de Procesos Electorales, tienen carácter de elemento sustentatorio preliminar para el inicio de las investigaciones a cargo del Ministerio Público, el cual constituye requisito de procedibilidad en la investigación fiscal del proceso penal”. Esto incluso cuando son denuncias de oficio.


Sin embargo, según señala un comunicado de la ONPE, “las disposiciones complementarias del referido proyecto de ley no han sido consultadas” a la institución electoral.

“Manifestamos nuestra preocupación acerca de las disposiciones complementarias que estarían atribuyendo a la ONPE funciones que corresponden a otro organismo constitucional autónomo - Fiscalía de la Nación”, refiere el comunicado.

Fuentes de la ONPE precisaron a El Comercio que la institución emitió opinión favorable, pero al proyecto de la congresista Patricia Donayre —uno de los 3 que considera el dictamen— pero específicamente en cuanto a la necesidad de sancionar el financiamiento ilegal de partidos.

Luego ya se incorporaron otras iniciativas que plantean lo referido a los informes del a ONPE sobre las pesquisas fiscales que, señalaron desde el organismo, no fueron consultadas.

En el dictamen se señala que la ONPE emitió opinión favorable mediante un oficio enviado el 23 de mayo del 2018.

—Aclaración de Transparencia—
También se indica que la Asociación Civil Transparencia emitió una “opinión favorable” mediante la carta 032-2018/SG del 15 de mayo del 2018. Sin embargo, Gerardo Távara, secretario general de la entidad, manifestó a El Comercio que ello no es correcto y se presta a la confusión.

Agregó que Transparencia envió una opinión técnica con algunos alcances y observaciones, mas no señalando posición favorable. Consideró que el dictamen requiere correcciones y ampliaciones. 

Como informó más temprano este Diario, el Ministerio de Justicia y Derechos Humanos remitió sus cuestionamientos a la propuesta. 



";politica
